{
    "counter": {
        "ACTIVE": 14773,
        "INACTIVE": 6224,
        "INVALID": 2,
        "MALICIOUS": 0,
        "SANE": 0,
        "VALID": 0,
        "total": 20999
    },
    "percentage": {
        "ACTIVE": 70.35096909376637,
        "INACTIVE": 29.64232985664619,
        "INVALID": 0.0125,
        "MALICIOUS": 0,
        "SANE": 0,
        "VALID": 0,
        "total": 100.00579895041255
    }
}