{
    "counter": {
        "ACTIVE": 19816,
        "INACTIVE": 1184,
        "INVALID": 0,
        "MALICIOUS": 0,
        "SANE": 0,
        "VALID": 0,
        "total": 21000
    },
    "percentage": {
        "ACTIVE": 94.36190476190477,
        "INACTIVE": 5.651011836578847,
        "INVALID": 0,
        "MALICIOUS": 0,
        "SANE": 0,
        "VALID": 0,
        "total": 100.01291659848361
    }
}