{
    "counter": {
        "ACTIVE": 16375,
        "INACTIVE": 4625,
        "INVALID": 0,
        "MALICIOUS": 0,
        "SANE": 0,
        "VALID": 0,
        "total": 21000
    },
    "percentage": {
        "ACTIVE": 77.97619047619048,
        "INACTIVE": 22.026956231842643,
        "INVALID": 0,
        "MALICIOUS": 0,
        "SANE": 0,
        "VALID": 0,
        "total": 100.00314670803313
    }
}