{
    "counter": {
        "ACTIVE": 19538,
        "INACTIVE": 1462,
        "INVALID": 0,
        "MALICIOUS": 0,
        "SANE": 0,
        "VALID": 0,
        "total": 21000
    },
    "percentage": {
        "ACTIVE": 93.03809523809524,
        "INACTIVE": 6.9645579268292686,
        "INVALID": 0,
        "MALICIOUS": 0,
        "SANE": 0,
        "VALID": 0,
        "total": 100.00265316492451
    }
}