{
    "counter": {
        "ACTIVE": 17630,
        "INACTIVE": 3370,
        "INVALID": 0,
        "MALICIOUS": 0,
        "SANE": 0,
        "VALID": 0,
        "total": 21000
    },
    "percentage": {
        "ACTIVE": 83.95238095238095,
        "INACTIVE": 16.047619047619047,
        "INVALID": 0.0,
        "MALICIOUS": 0.0,
        "SANE": 0.0,
        "VALID": 0.0,
        "total": 100.0
    }
}