{
    "counter": {
        "ACTIVE": 20101,
        "INACTIVE": 899,
        "INVALID": 0,
        "MALICIOUS": 0,
        "SANE": 0,
        "VALID": 0,
        "total": 21000
    },
    "percentage": {
        "ACTIVE": 95.71904761904761,
        "INACTIVE": 4.282583841463414,
        "INVALID": 0,
        "MALICIOUS": 0,
        "SANE": 0,
        "VALID": 0,
        "total": 100.00163146051104
    }
}