{
    "counter": {
        "ACTIVE": 19838,
        "INACTIVE": 1162,
        "INVALID": 0,
        "MALICIOUS": 0,
        "SANE": 0,
        "VALID": 0,
        "total": 21000
    },
    "percentage": {
        "ACTIVE": 94.46666666666667,
        "INACTIVE": 5.5354420731707314,
        "INVALID": 0,
        "MALICIOUS": 0,
        "SANE": 0,
        "VALID": 0,
        "total": 100.0021087398374
    }
}