{
    "counter": {
        "ACTIVE": 19718,
        "INACTIVE": 1282,
        "INVALID": 0,
        "MALICIOUS": 0,
        "SANE": 0,
        "VALID": 0,
        "total": 21000
    },
    "percentage": {
        "ACTIVE": 93.8952380952381,
        "INACTIVE": 6.107088414634147,
        "INVALID": 0,
        "MALICIOUS": 0,
        "SANE": 0,
        "VALID": 0,
        "total": 100.00232650987225
    }
}