{
    "counter": {
        "ACTIVE": 17219,
        "INACTIVE": 3781,
        "INVALID": 0,
        "MALICIOUS": 0,
        "SANE": 0,
        "VALID": 0,
        "total": 21000
    },
    "percentage": {
        "ACTIVE": 81.9952380952381,
        "INACTIVE": 18.01505622260339,
        "INVALID": 0,
        "MALICIOUS": 0,
        "SANE": 0,
        "VALID": 0,
        "total": 100.01029431784148
    }
}