{
    "counter": {
        "ACTIVE": 19403,
        "INACTIVE": 1597,
        "INVALID": 0,
        "MALICIOUS": 0,
        "SANE": 0,
        "VALID": 0,
        "total": 21000
    },
    "percentage": {
        "ACTIVE": 92.39963807800372,
        "INACTIVE": 7.604761904761904,
        "INVALID": 0,
        "MALICIOUS": 0,
        "SANE": 0,
        "VALID": 0,
        "total": 100.00439998276562
    }
}